"year","state","state_abv","state_party_control","...1","democrat_county_vote","republican_county_vote","other_county_vote","county_totalvotes","state_totalvotes","vep","vap","statecrime.population","statecrime.rates.property.all","statecrime.rates.property.burglary","statecrime.rates.property.larceny","statecrime.rates.property.motor","statecrime.rates.violent.all","statecrime.rates.violent.assault","statecrime.rates.violent.murder","statecrime.rates.violent.rape","statecrime.rates.violent.robbery","statecrime.totals.property.all","statecrime.totals.property.burglary","statecrime.totals.property.larceny","statecrime.totals.property.motor","statecrime.totals.violent.all","statecrime.totals.violent.assault","statecrime.totals.violent.murder","statecrime.totals.violent.rape","statecrime.totals.violent.robbery"
2000,"Alabama","AL","NA",2278,695602,944409,32540,1672551,112060917,216594853,223416592,297955700,271999.9,60762.3000000001,191941.6,19296,32575.4,21252.4,495.799999999999,2231.1,8589.39999999999,12096113,2702177,8535733,858203,1448540,945169,22043,99294,382034
2000,"Alaska","AK","NA",3608,79004,167398,39128,285530,11706730,17147758,18052136,25704212,150982.5,25497.9,110117.8,15366.8,23242.9,16609.1,176.3,3251.3,3206.2,946567,159859,690358,96350,145714,104140,1107,20377,20090
2000,"Arizona","AZ","NA",1740,685341,781652,67120,1534113,23011695,50452650,57247470,76959480,79467,15174,51661.5,12631.5,7975.5,5215.5,105,460.5,2194.5,4077165,778530,2650575,648060,409215,267615,5385,23655,112560
2000,"Arkansas","AR","NA",12075,422768,472940,26073,921781,69133575,144071550,150133050,200505000,275250,60157.4999999999,195652.5,19447.5,33397.5,24930,472.500000000001,2377.5,5610.00000000001,7358625,1608225,5230500,519900,892800,666525,12600,63600,150075
2000,"California","CA","NA",13195,5861203,4567429,537224,10965856,636019648,1154870538,1442300616,1964555584,180855.6,38065.4,111621,31169.2,36052.8,23704.6,353.8,1676.2,10318.2,61258614,12892994,37807590,10558030,12210798,8028244,120582,567530,3494442
2000,"Colorado","CO","NA",18144,738227,883745,119393,1741365,109705995,189420273,204530823,270979443,229861.8,39740.4,165280.5,24840.9,21042,13803.3,195.3,2595.6,4441.5,9887031,1709379,7109109,1068543,905121,593775,8442,111762,191142
2000,"Connecticut","CT","NA",2916,816015,561094,82416,1459525,13135725,21251124,23177187,30650085,26172,4608,18102.6,3461.4,2922.3,1704.6,26.1,179.1,1012.5,891297,156924,616482,117891,99522,58050,882,6102,34488
2000,"Delaware","DE","NA",990,180068,137288,10173,327529,982587,1660662,1782768,2350800,11380.8,1996.8,8177.7,1206.3,2053.2,1347.6,9.6,162.3,533.7,89181,15648,64080,9453,16089,10560,75,1272,4182
2000,"District of columbia","DC","NA",332,171923,18073,11898,201894,201894,404098,458301,572059,5768.6,829.5,3785.4,1153.7,1507.9,801,41.8,43.9,621.3,33000,4745,21655,6600,8626,4582,239,251,3554
2000,"Florida","FL","NA",24522,2911417,2911215,138028,5960660,399364220,733822592,835850929,1070819326,327140.9,72480.6000000001,217274.3,37386,54404,37734.4,375.2,2961.4,13333,52285259,11584166,34725966,5975127,8695059,6030536,60501,472819,2131203
2000,"Georgia","GA","NA",76161,1116230,1419720,60854,2596804,412891836,874768233,967885788,1301646027,675177.600000002,133019.4,466983,75175.2000000002,80247.2999999998,49433.1000000001,1272,3816,25742.1000000001,55273170,10889592,38229960,6153618,6569721,4046550,103509,312912,2106750
2000,"Hawaii","HI","NA",2242,205242,137819,24810,367871,1471484,3375444,3694948,4846148,19820.4,3521.2,14280.8,2018.4,975.2,478.8,11.6,114.4,370.8,240132,42660,173016,24456,11816,5800,140,1384,4492
2000,"Idaho","ID","NA",25718,138637,336937,26047,501621,22071324,38517600,41159492,56933932,129082.8,24926,97064,7092.8,11110,8989.2,52.8,1306.8,756.8,1670284,322520,1255980,91784,143748,116336,704,16896,9812
2000,"Illinois","IL","NA",67065,2589026,2019421,133676,4742123,483696546,852970104,939308616,1266767886,365710.8,67228.1999999999,257203.2,41279.4,66687.6000000001,41667,734.400000000001,3223.19999999999,21063,45418356,8348700,31942422,5127234,8281992,5174562,91596,400452,2615382
2000,"Indiana","IN","NA",69414,901980,1245836,51489,2199305,202336060,405100380,416532116,559404620,313057.599999999,62201.1999999999,218950.8,31905.6,32117.1999999999,19421.2,533.6,2658.8,9503.6,19035260,3781936,13313044,1940280,1953160,1181004,32384,161828,577944
2000,"Iowa","IA","NA",84150,638517,634373,42673,1315563,130240737,210419352,217753371,289706076,293762.7,55281.6000000001,220294.8,18176.4,26373.6,20304.9,158.4,2286.9,3623.39999999999,8596566,1617858,6446682,532026,771804,594297,4554,66924,106029
2000,"Kansas","KS","NA",99960,399276,622332,50608,1072216,112582680,198910635,208312965,282283890,422037.000000001,83905.5,312753,25368,40887.0000000001,28245,661.5,3990,8000.99999999999,11345985,2255820,8408085,682080,1099350,759255,17745,107310,215040
2000,"Kentucky","KY","NA",127740,638898,872492,32797,1544187,185302440,358121400,367149840,485012280,319824.000000001,75143.9999999998,217152,27540,35340,21864,576,3240,9672.00000000002,12926760,3036960,8776920,1112880,1428360,883560,23160,130920,390720
2000,"Louisiana","LA","NA",74016,792344,927871,45441,1765656,113001984,200441920,208643840,286014464,303468.8,66291.2000000001,206713.6,30457.6,43590.4,29862.4,800,2144,10784,13561856,2962496,9238080,1361280,1948160,1334464,35840,95808,482048
2000,"Maine","ME","NA",20349,319951,286616,45250,651817,11080889,16398608,16648338,21673691,42673.4,9033.8,31876.7,1762.9,1863.2,1086.3,20.4,426.7,329.8,544051,115175,406402,22474,23749,13855,255,5440,4199
2000,"Maryland","MD","NA",29220,1145782,813797,65901,2025480,48611520,87360864,95333376,127115664,96708,17865.6,65896.8,12948,18878.4,11839.2,194.4,698.4,6144,5122128,946224,3490152,685752,999912,627120,10320,37032,325440
2000,"Massachusetts","MA","NA",17311,1616487,878502,207995,2702984,37841776,62731648,68186580,88887358,35700,6748,23247,5706.4,6665.4,4982.6,28,373.8,1282.4,2266614,428400,1475950,362264,423220,316316,1750,23744,81410
2000,"Michigan","MI","NA",106655,2170418,1953139,109154,4232711,351315013,587605057,611753492,824890852,295056.7,58282.5999999999,190227.7,46538.1,46065,29855.1,556.1,4199.8,11454,29323651,5792570,18905989,4625092,4578197,2967499,55527,417075,1138096
2000,"Minnesota","MN","NA",119190,1168266,1109659,160760,2438685,212165595,300954576,318594435,427994673,279061.2,46188.3000000001,209121.9,23751,24429.6,13632.9,269.7,3958.5,6568.5,13728426,2272092,10287750,1168584,1201731,670683,13137,194880,323031
2000,"Mississippi","MS","NA",119269,404964,573230,16732,994926,81583932,166189072,170302602,233261956,298767,77596.6000000001,201080.4,20090,29593.8,18130.2,738,2935.6,7790,8498808,2207276,5720156,571376,841894,515780,20910,83558,221646
2000,"Missouri","MO","NA",180206,1111138,1189924,58830,2359892,273747472,469574612,486048468,649044476,468373.200000001,86420,330750.799999999,51202.4000000001,56840,37572.4000000001,719.200000000001,2795.59999999999,15752.8,26206604,4835460,18506524,2864620,3180604,2102268,40252,156716,881368
2000,"Montana","MT","NA",91812,137126,240178,33682,410986,23015216,37345000,37859640,50522920,199858.4,24494.4,165592,11771.2,17421.6,14128.8,123.2,1909.6,1260,1803088,202944,1493968,106176,157192,127456,1120,17248,11368
2000,"Nebraska","NE","NA",159402,231780,433862,31377,697019,64822767,112373946,117784128,159147459,350414.7,55056,266937.9,28420.8,30466.8,21520.2,344.099999999999,2371.5,6231,5996547,942183,4567974,486390,521358,368280,5859,40548,106671
2000,"Nevada","NV","NA",30073,279978,301575,27417,608970,10352490,22495352,25894553,33970369,63654.8,14910.7,37539.4,11206.4,8911.4,4204.1,110.5,731,3864.1,1271991,297942,750125,223924,178058,84014,2193,14620,77231
2000,"New hampshire","NH","NA",17825,266348,273559,29174,569081,5690810,9066960,9341760,12357860,22578,4040,16800,1738,1754,947,18,422,367,279010,49920,207610,21480,21670,11700,220,5220,4530
2000,"New jersey","NJ","NA",37758,1788850,1284173,114203,3187226,66931746,116568711,133496034,176701350,58308.6,10962,38824.8,8523.9,8059.8,4267.2,71.4,338.1,3383.1,4906377,922404,3266802,717171,678258,359079,6069,28497,284613
2000,"New mexico","NM","NA",60225,286783,286417,25405,598605,19753965,40310358,43498257,60028518,157113,38712.3,105085.2,13318.8,25010.7,18559.2,244.2,1673.1,4534.2,2857965,704187,1911525,242253,454938,337590,4455,30426,82467
2000,"New york","NY","NA",116095,4107697,2403374,310928,6821999,422963938,768462720,889349576,1176540334,157833.4,28730.8,111376.8,17719.6,34341.8,19635.4,310,1153.2,13243.2,29950836,5452652,21135862,3362322,6516882,3725580,59024,218860,2513418
2000,"North carolina","NC","NA",195350,1257692,1631163,22407,2911262,291126200,577276700,614321400,804931300,442179.999999999,121610,289180,31390.0000000001,49759.9999999999,30700,700,2710,15650,35592100,9788800,23276700,2526600,4005100,2471500,56000,218100,1259500
2000,"North dakota","ND","NA",107590,95284,174852,18131,288267,15278151,25186501,25550134,34036600,116949.8,17272.7,91541.5999999999,8135.5,4314.2,2427.4,31.8,1393.9,461.1,751063,110929,587876,52258,27719,15582,212,8957,2968
2000,"Ohio","OH","NA",184844,2186190,2351209,168058,4705457,414080216,729410000,746887240,999076320,326277.6,68701.5999999999,227321.6,30245.6,29400.8,13666.4,325.599999999999,3308.8,12100,37042632,7799968,25808376,3434288,3338280,1551968,36784,375848,1373680
2000,"Oklahoma","OK","NA",168091,474276,744337,15616,1234229,95035633,188906564,197759408,265700358,312681.6,70647.5,214475.8,27550.6,38330.6,28913.5,408.100000000001,3172.4,5836.60000000001,10789625,2437897,7400932,950796,1322629,997766,14014,109494,201355
2000,"Oregon","OR","NA",80622,720342,713577,100049,1533968,55222848,87072156,93432744,123170364,161809.2,26956.8,120193.2,14659.2,12625.2,8161.2,72,1353.6,3038.4,5536080,922248,4112280,501552,432000,279216,2520,46296,103968
2000,"Pennsylvania","PA","NA",153497,2485967,2281127,145091,4912185,329116395,610590765,628134782,822830618,172545.1,29506.8,123226.4,19818.6,28140,16140.3,328.3,1768.8,9902.6,21190358,3623360,15133223,2433775,3456128,1981860,40334,217549,1216385
2000,"Rhode island","RI","NA",13965,249508,130555,29049,409112,2454672,4409004,4826502,6289914,19072.2,3789,12613.2,2670,1786.2,997.2,25.8,235.8,528,199938,39720,132228,27990,18726,10452,270,2472,5532
2000,"South carolina","SC","NA",108261,566039,786426,31312,1383777,63653742,133876100,139167480,184552552,207860.2,44587.8,143759.2,17871,38092.6,28727,335.8,1904.4,7130,8339340,1854674,5767710,716956,1528350,1152484,13386,76360,286120
2000,"South dakota","SD","NA",159027,118804,190700,6765,316269,20873754,36009666,36621750,49819704,142098,25324.2,109804.2,6976.19999999999,11008.8,7134.60000000001,59.3999999999999,2666.4,1148.4,1072632,191136,828828,52668,83094,53856,462,20130,8646
2000,"Tennessee","TN","NA",236550,981720,1061949,32512,2076181,197237195,396228850,410057145,540481885,397385,94087.9999999999,257336,45970.5000000001,67183.9999999999,47044,684,3648.00000000001,15808,22608575,5352680,14640545,2615350,3822135,2676340,38950,207670,899175
2000,"Texas","TX","NA",676783,2433746,3799639,174252,6407637,1627539798,3279983534,3845170872,5296362280,1120241.6,230200.199999999,776579.600000004,113487.2,138455.400000001,90500.2000000004,1498.6,9575.8,36855.3999999998,233593132,47999650,161930588,23662894,28867862,18872708,314452,1995424,7685278
2000,"Utah","UT","NA",81374,203053,515096,52605,770754,22351866,41634894,44513550,64761901,122388.7,18632.5,95366.5,8389.7,7415.3,4625.5,55.1,1119.4,1612.4,2733163,416092,2129702,187369,165619,103327,1247,25027,36018
2000,"Vermont","VT","NA",39585,149022,119775,25511,294308,4120312,6359262,6489042,8523578,40227.6,8050,30317,1860.6,1589,977.2,21,322,268.8,244916,49014,184576,11326,9674,5950,126,1960,1638
2000,"Virginia","VA","NA",373971,1216422,1436877,84616,2737915,353191035,649505970,695182032,913128435,354285.6,55457.1000000001,266359.199999999,32456.3999999999,36339.3,21194.7,735.300000000001,2941.2,11468.1,25078245,3925986,18854382,2297877,2572647,1500399,51729,208464,812055
2000,"Washington","WA","NA",116337,1247652,1108864,131925,2488441,97049199,156882375,172376373,229870719,184704,35384.7,126149.4,23169.9,14418.3,8630.7,128.7,1809.6,3845.4,10886616,2085564,7435350,1365702,849732,508677,7644,106743,226668
2000,"West virginia","WV","NA",166650,295497,336475,16152,648124,35646820,76368325,77276155,99458920,125746.5,30079.5,85585.5,10081.5,17407.5,13981,137.5,1006.5,2277,2273920,543950,1547645,182325,314765,252835,2530,18205,41195
2000,"Wisconsin","WI","NA",222732,1242987,1237279,118341,2598607,187099704,278125272,289180872,386184600,214005.6,33804,160552.8,19648.8,17049.6,9165.6,230.4,1562.4,6091.2,11478528,1813176,8611560,1053792,914400,491688,12168,83880,326664
2000,"Wyoming","WY","NA",72243,60481,147947,9923,218351,5022073,8208401,8432697,11356986,69724.5,9678.4,57375.8,2668,6129.5,5002.5,55.2,745.2,326.6,344287,47794,283314,13179,30268,24702,276,3680,1610
2004,"Alabama","AL","Democratic",213462,693933,1176394,13088,1883415,126188805,221753585,229645314,303200125,269963.1,66129,183070.8,20763.3,28609,16709.8,375.2,2579.5,8944.5,12216780,2992622,8284550,939608,1294708,756162,17018,116714,404814
2004,"Alaska","AK","NA",132840,180365,292267,16061,488693,20036413,18412403,19531498,26967955,138206.9,23517.6,100724.7,13964.6,25924.3,19429.9,229.6,3476.8,2788,909052,154693,662519,91840,170519,127797,1517,22878,18327
2004,"Arizona","AZ","Split",49020,893524,1104294,14767,2012585,30188775,54883890,63235590,86098185,76099.5,14865,46780.5,14452.5,7566,4944,108,495,2017.5,4368045,853275,2685180,829590,434280,283815,6210,28440,115815
2004,"Arkansas","AR","Democratic",248475,468631,572770,12293,1053694,79027050,147904275,155473950,206250000,302482.5,82230,202477.5,17775,37672.5,27502.5,479.999999999999,3225,6472.50000000001,8318325,2261325,5568150,488850,1036050,756225,13200,88725,177900
2004,"California","CA","Democratic",196011,6737355,5501496,144827,12383678,718253324,1220081214,1522299784,2078838204,198586.2,39793.8,117919.8,40878.4,30612.4,18676,388.6,1554.4,9993.4,71177252,14262374,42263846,14651032,10972150,6693200,138736,557670,3582544
2004,"Colorado","CO","Split",220192,1001732,1101255,26643,2129630,136296320,202098432,220362496,294516544,250784,45907.2,171488,33382.4,23808,15628.8,281.6,2707.2,5203.20000000001,11540608,2112640,7891712,1536256,1095744,719104,12864,124480,239296
2004,"Connecticut","CT","Split",31293,857488,693826,27455,1578769,14208921,21927402,23873283,31490694,24164.1,4104.9,17174.7,2884.5,2601,1304.1,26.1,194.4,1077.3,845478,143631,600930,100917,91017,45630,900,6795,37692
2004,"Delaware","DE","NA",10449,200141,171651,3378,375170,1125510,1765899,1906110,2490207,9850.8,2049,6969.9,831.9,1845,1220.4,10.2,129,485.4,81768,17007,57855,6906,15315,10131,84,1071,4029
2004,"District of columbia","DC","NA",3485,202970,21256,3360,227586,227586,412882,458758,554239,4852.8,712,2623.8,1517,1369.4,715.9,35.7,40.1,577.7,26896,3946,14542,8408,7590,3968,198,222,3202
2004,"Florida","FL","Republican",235773,3583544,3964522,61744,7609810,509857270,796329371,914136476,1164823810,280227.5,64098.8999999999,185938.4,30183.5,47690.6,33218.6,361.8,2546,11557.5,48718447,11144244,32326428,5247775,8291518,5775333,63382,443004,2009799
2004,"Georgia","GA","Democratic",577488,1366149,1914254,18387,3298790,524507610,918340593,1033392675,1417982511,671536.5,147965.4,444691.199999999,78864,71709,42007.8,1097.1,4261.20000000001,24342.9,59888304,13195728,39658734,7033842,6394503,3746199,97467,379533,2171304
2004,"Hawaii","HI","Split",14854,231335,194116,3104,428555,1714220,3597152,3931528,5048496,19182,3431.2,13018.8,2732,1018.4,603.2,10.4,105.6,299.2,242100,43308,164312,34480,12852,7612,132,1332,3776
2004,"Idaho","ID","Split",164450,181098,409235,8043,598376,26328544,41519148,44715220,61386160,122364,24191.2,89531.2000000001,8637.2,10885.6,8157.59999999999,96.8000000000001,1874.4,761.2,1707156,337524,1249116,120516,151888,113784,1364,26136,10604
2004,"Illinois","IL","Split",388671,2891989,2346608,36818,5275415,538092330,867184926,957924840,1296625632,323758.2,61057.1999999999,230305.8,32395.1999999999,55661.3999999999,33527.4,622.200000000001,3386.39999999999,18115.2,41155572,7760976,29276550,4118046,7075230,4261866,79560,430440,2303364
2004,"Indiana","IN","Split",359490,969011,1479438,19553,2468002,227056184,414972716,428734444,572841404,313131.2,62302.3999999999,219668.4,31160.4,29982.8,17434,469.200000000001,2668,9420.79999999998,19497468,3879456,13677640,1940372,1867048,1085784,29072,165876,586316
2004,"Iowa","IA","Split",396297,741898,751957,13053,1506908,149183892,213681204,221757921,292337496,287575.2,60102.8999999999,208583.1,18889.2,28492.2,21839.4,148.5,2623.5,3890.70000000001,8491725,1774872,6159186,557667,841401,644787,4356,77418,114840
2004,"Kansas","KS","Republican",431025,434993,736456,16307,1187756,124714380,202074810,213440115,287038185,421627.5,77385,311556.000000001,32686.4999999999,39679.5000000001,27867,472.5,4389.00000000001,6961.50000000001,11525955,2115330,8517075,893550,1084650,761670,12810,119910,190260
2004,"Kentucky","KY","Split",506100,712733,1069439,13688,1795860,215503200,367365000,378895680,497020200,304824.000000001,75048,204360,25415.9999999999,29411.9999999999,15672,684.000000000001,3588.00000000001,9467.99999999998,12625080,3108240,8464200,1052640,1218240,649200,28320,148560,392160
2004,"Louisiana","LA","Democratic",275808,820299,1102169,20638,1943106,124358784,207278784,216315968,288427840,282822.4,64416,190406.4,27993.6,40960,28531.2,812.800000000001,2297.6,9324.8,12745792,2902976,8581120,1261696,1846016,1285760,36736,103424,420096
2004,"Maine","ME","Split",73950,364153,308997,13360,686510,11670670,17096730,17374731,22354745,41032.9,8197.4,31150.8,1684.7,1762.9,958.8,23.8,408,374,539580,107797,409632,22151,23188,12614,306,5355,4913
2004,"Maryland","MD","Democratic",104892,1334493,1024703,27482,2386678,57280272,91249080,100305024,133471968,87376.8,15840,56054.4,15484.8,16814.4,10509.6,225.6,568.8,5512.8,4859376,880896,3117312,861168,935064,584424,12504,31608,306528
2004,"Massachusetts","MA","Democratic",61453,1803800,1071109,37479,2912388,40773432,63151424,69101018,89703348,34554.8,7537.6,22199.8,4817.4,6442.8,4379.2,37.8,392,1635.2,2214100,482958,1422470,308672,412846,280560,2394,25116,104776
2004,"Michigan","MI","Republican",368354,2479183,2313746,46323,4839252,401657916,597988938,623211144,838649098,254486.3,52763.0999999999,160173.4,41549.7999999999,40852.6,26510.2,531.199999999999,4506.90000000001,9312.6,25713815,5331339,16184004,4198472,4128171,2678908,53369,455006,940888
2004,"Minnesota","MN","Split",393501,1444751,1346451,36648,2827850,246022950,313241760,332254740,443399502,264619.2,47876.1,193670.7,23072.4,23472.6,12710.7,191.4,3627.89999999999,6951.29999999999,13486653,2440176,9870411,1176066,1196337,647715,9831,184701,354090
2004,"Mississippi","MS","Democratic",377815,440034,666295,8530,1114859,91418438,170150574,174961842,237862976,285450.2,78195.2,184992,22271.2,24222.8,13218.4,639.6,3280,7076.60000000001,8280360,2268202,5366080,646078,702576,383514,18614,95202,205246
2004,"Missouri","MO","Split",545954,1259171,1455713,16480,2731364,316838224,485097384,503372024,668105712,452411.599999999,81513.1999999998,318756.4,52153.5999999999,56851.5999999999,39799.5999999999,707.600000000002,2981.2,13351.6,26056964,4694752,18358624,3003588,3274216,2292508,41064,171564,769080
2004,"Montana","MT","NA",268380,173710,266063,10661,450434,25224304,39252584,39864048,51907520,164421.6,21235.2,133408.8,9777.60000000001,16452.8,13210.4,179.2,1652,1405.6,1524040,196840,1236592,90608,152488,122472,1680,15288,13048
2004,"Nebraska","NE","Uncertain",452631,254328,512814,11044,778186,72371298,115261317,121404990,162536472,327322.8,52284.5999999999,246905.7,28132.5,28699.8,19130.1,213.9,3301.5,6054.30000000001,5720616,913818,4315107,491691,501549,334335,3720,57660,105834
2004,"Nevada","NV","Split",83674,397190,418690,13707,829587,14102979,25866537,30208354,39659266,71570,16864,38212.6,16495.1,10478.8,6082.6,125.8,695.3,3575.1,1669655,393414,891446,384795,244443,141916,2924,16218,83385
2004,"New hampshire","NH","Split",49355,340511,331237,5914,677662,6776620,9504790,9844220,12991690,20519,3832,15181,1506,1695,938,13,359,385,266580,49790,197230,19560,22020,12190,170,4660,5000
2004,"New jersey","NJ","Split",103971,1911430,1668003,30258,3609691,75803511,118385022,136781274,182388486,51093,9920.4,33845.7,7326.9,7482.3,3903.9,94.5,321.3,3162.6,4437573,861630,2939517,636426,649803,339024,8232,27951,274596
2004,"New mexico","NM","Split",164274,370942,376930,8432,756304,24958032,42540102,46576827,62799198,138547.2,34551,90291.3,13701.6,22684.2,17014.8,293.7,1801.8,3577.2,2636535,657492,1718277,260766,431673,323763,5577,34287,68046
2004,"New york","NY","Split",311581,4180755,2806993,403288,7391036,458244232,783699654,905131676,1195405074,135935,22735.4,100018.4,13187.4,27304.8,15084.6,285.2,1159.4,10775.6,26209508,4383152,19284232,2542124,5264668,2908482,55118,223696,2077372
2004,"North carolina","NC","Democratic",510650,1525849,1961166,13992,3501007,350100700,606680900,650515000,854046800,416050,118490,265970,31600,44780,27620,620,2740,13800,35532800,10119300,22714700,2698800,3824400,2359100,53200,233900,1178200
2004,"North dakota","ND","NA",274699,111052,196651,5130,312833,16580149,25904227,26313387,33724324,104060.2,16991.8,79261.5,7806.90000000001,4648.1,2750.7,68.8999999999999,1473.4,360.4,662129,108120,504348,49661,29574,17490,424,9381,2279
2004,"Ohio","OH","Republican",462308,2739952,2858727,26952,5625631,495055528,739817848,758936376,1007612584,322282.4,74175.2,216858.4,31240,29805.6,12381.6,387.2,3643.2,13393.6,36901656,8493584,24830784,3577288,3413256,1417504,44528,417472,1533752
2004,"Oklahoma","OK","Split",410872,503966,959792,0,1463758,112709366,193776660,204049538,271313042,326641.7,77015.3999999999,221305.7,28312.9,38538.5,27974.1,408.100000000001,3403.4,6752.89999999999,11509344,2713788,7797867,997689,1357895,985754,14322,119889,237930
2004,"Oregon","OR","Split",194130,943163,866831,26788,1836782,66124152,91338228,98512992,129289068,166874.4,30142.8,118152,18579.6,10749.6,6616.8,90,1285.2,2757.6,5993100,1082592,4243248,667260,386064,237600,3240,46188,99036
2004,"Pennsylvania","PA","Republican",364748,2938095,2793847,33822,5765764,386306188,620131230,640141383,830429557,161959.1,29433.1,115789.4,16743.3,27570.5,15316.2,348.4,1909.5,9989.70000000001,20073937,3647681,14351333,2074923,3416866,1898713,43550,236845,1237758
2004,"Rhode island","RI","Democratic",32883,259760,169046,7483,436289,2617734,4485060,4965078,6479496,17316,3036.6,12013.8,2265.6,1485,886.8,14.4,177.6,406.2,186996,32790,129738,24468,16038,9576,156,1920,4386
2004,"South carolina","SC","Split",253299,661699,937974,18057,1617730,74415580,141061254,147141718,193103032,208697.4,47927.4,143538.4,17231.6,36335.4,28087.6,312.8,1941.2,5993.8,8760976,2011994,6025586,723396,1525360,1179164,13156,81512,251528
2004,"South dakota","SD","NA",367125,149244,232584,6387,388215,25622190,37309800,38047152,50860986,127485.6,26961,93264.6000000001,7253.39999999999,11299.2,7312.80000000001,145.2,2877.6,957,982410,207768,718740,55902,87054,56364,1122,22176,7392
2004,"Tennessee","TN","Split",536085,1032910,1381225,16359,2430494,230896930,410596555,427208255,559863310,411045.999999999,97346.4999999998,273761.5,39938.0000000001,66271.9999999999,47737.5,579.500000000001,3676.49999999999,14288,24224145,5736670,16133660,2353815,3905735,2813045,33915,216790,841985
2004,"Texas","TX","Split",1477645,2832704,4526917,51128,7410749,1882330246,3495931032,4136303386,5707773446,1142415.79999999,248793,787273,106324.4,137388.599999999,85877.4000000002,1549.4,9474.2,40487.6000000002,256718308,55909972,176912778,23895558,30874716,19300190,346456,2130552,9097518
2004,"Utah","UT","Republican",172811,241199,663742,22903,927844,26907476,44808132,48257914,70200532,117119.4,18238.1,89717.3,9161.1,6765.7,4071.6,55.1,1157.1,1481.9,2835098,441525,2171781,221792,163763,98542,1334,28043,35844
2004,"Vermont","VT","NA",83727,184067,121180,7062,312309,4372326,6579608,6720742,8697262,32810.4,7740.6,23745.4,1323,1607.2,1034.6,36.4,361.2,176.4,203826,48090,147518,8218,9982,6426,224,2240,1092
2004,"Virginia","VA","Republican",780708,1454742,1716959,26666,3198367,412589343,681665283,735193575,965091828,345487.800000001,49587.6000000001,265804.5,30095.6999999999,35539.5,19840.2,670.800000000001,3134.7,11893.8,25847472,3709911,19885866,2251695,2658432,1483887,50310,234264,889971
2004,"Washington","WA","Split",239304,1510201,1304894,43989,2859084,111504276,166059504,182669331,242074794,189021.3,38095.2,123762.6,27163.5,13400.4,7800,120.9,1794,3685.5,11732643,2364648,7681908,1686087,831870,484263,7410,111423,228774
2004,"West virginia","WV","Democratic",340065,326541,423550,5568,755659,41561245,77409750,78412895,99690140,140569,33357.5,95782.5,11429,15504.5,11902,209,1050.5,2348.5,2547930,604670,1736130,207130,281050,215710,3740,19030,42570
2004,"Wisconsin","WI","Split",449748,1489504,1478120,29383,2997007,215784504,287650728,300388896,396254376,191930.4,31204.8,145843.2,14882.4,15105.6,8100,201.6,1483.2,5320.8,10563120,1717488,8026704,818928,831456,445752,11088,81792,292824
2004,"Wyoming","WY","NA",144762,70776,167629,5023,243428,5598844,8637075,8896308,11635401,76785.5,12447.6,60703.9,3631.7,5287.7,4422.9,50.6,508.3,303.6,388447,62974,307096,18377,26749,22379,253,2576,1541
2008,"Alabama","AL","NA",424713,813479,1266546,19794,2099819,140687873,231514949,240912436,312347300,273661.5,72447.1000000001,181858.1,19356.3,30337.6,16951,502.5,2324.9,10559.2,12757872,3377537,8478113,902222,1414370,790265,23517,108406,492182
2008,"Alaska","AK","NA",262113,123594,193841,8762,326197,13374077,19664748,20813445,28138013,120019.3,19339.7,90954.4,9725.2,26736.1,20049,159.9,2669.1,3854,823690,132717,624225,66748,183475,137596,1107,18327,26445
2008,"Arizona","AZ","NA",96315,1034707,1230111,28657,2293475,34402125,60706425,70105770,97502700,61533,13524,39105,8904,7284,4407,106.5,507,2263.5,3999795,879090,2541900,578805,473505,286440,6930,33000,147135
2008,"Arkansas","AR","NA",484950,422310,638017,26290,1086617,81496275,155364000,163113450,214154250,289875,89070.0000000001,183615,17182.5,38475,26910,435,3839.99999999999,7297.50000000001,8277000,2543400,5242875,490725,1098675,768300,12375,109725,208275
2008,"California","CA","NA",378885,8274473,5011781,275646,13561900,786590200,1291686738,1589843452,2131886628,170578,37526,102671.6,30380.4,29243.6,16553.2,336.4,1403.6,10950.4,62697768,13793038,37738048,11166682,10749082,6083968,124236,516374,4024504
2008,"Colorado","CO","NA",421984,1288576,1073589,39196,2401361,153687104,216520832,237373120,316125184,180544,36352,126892.8,17299.2,22649.6,15238.4,211.2,2784,4409.6,8917760,1795456,6267968,854336,1118720,752640,10560,137664,217856
2008,"Connecticut","CT","NA",59670,1000291,628041,18753,1647085,14823765,22251501,24533253,31511268,22417.2,3883.5,16248.6,2285.1,2760.3,1512,34.2,174.6,1039.5,784890,135963,568908,80019,96633,52938,1188,6120,36387
2008,"Delaware","DE","NA",19908,255459,152374,4579,412412,1237236,1885404,2041479,2619276,10784.1,2330.7,7574.7,878.7,2125.8,1344.3,19.5,127.5,634.5,94155,20349,66135,7671,18561,11736,171,1113,5541
2008,"District of columbia","DC","NA",6638,245800,17367,2686,265853,265853,432328,481971,591833,5104.6,640,3372.2,1092.4,1437.7,626.4,31.4,31.4,748.5,30211,3788,19958,6465,8509,3707,186,186,4430
2008,"Florida","FL","NA",447024,4282366,4046212,63061,8391639,562239813,849785053,975415212,1227998780,277413.5,68896.1000000001,185301.9,23215.5,46156.3000000001,30284,428.8,2184.2,13259.3,50845563,12627624,33962434,4255505,8459152,5550816,78256,400124,2429956
2008,"Georgia","GA","NA",1078815,1844137,2048744,32397,3925278,624119202,999316272,1123118442,1540033296,636795,165089.7,406642.5,65078.7000000002,77735.1,43613.7000000001,1049.4,3831.89999999999,29240.1000000001,61678803,15989676,39385731,6303396,7529127,4224789,101760,371106,2831472
2008,"Hawaii","HI","NA",27466,325201,120429,7112,452742,1810968,3718528,4144352,5152792,14266,2920,9757.6,1588.4,1090,632.4,8,112.8,336.8,183776,37616,125696,20464,14040,8144,104,1452,4340
2008,"Idaho","ID","NA",303182,236440,403012,15580,655032,28821408,45291004,49185048,67047904,92228.4,19483.2,67949.2,4791.6,10626,8197.2,66,1672,690.8,1405360,296912,1035408,73040,161920,124916,1012,25476,10516
2008,"Illinois","IL","NA",710277,3419673,2031527,71851,5523051,563351202,885929364,980801400,1315959426,299125.2,62434.1999999999,210946.2,25755,53590.8000000001,30691.8000000001,622.200000000001,3253.80000000001,19012.8,38592210,8054736,27215130,3322344,6913560,3959436,80580,420036,2453508
2008,"Indiana","IN","NA",649566,1374039,1345648,31367,2751054,253096968,428087224,444013252,586664864,308227.6,70416.8,212566,25244.8,31059.2,17185.6,460,2465.6,10938.8,19654788,4490060,13554728,1610000,1980300,1095904,29624,157412,697360
2008,"Iowa","IA","NA",708444,828940,682379,25501,1536820,152145180,219475971,227552985,297252945,241599.6,54727.2000000001,172438.2,14424.3,28521.9,21067.2,257.4,3088.8,4118.39999999999,7254027,1643202,5177601,433224,856449,632412,7623,92763,123651
2008,"Kansas","KS","NA",762090,514765,699655,21452,1235872,129766560,209236650,220508820,294224070,355540.5,73636.5000000001,254152.5,27751.5,43291.5,31982.9999999999,420,4599.00000000001,6300,9962610,2063355,7121730,777525,1213170,896070,11865,128730,176505
2008,"Kentucky","KY","NA",884460,751985,1048462,26061,1826508,219180960,378257640,393314040,512309400,321815.999999999,83076.0000000002,217212,21528,35664,19536,564,4091.99999999999,11472,13739040,3546720,9273480,918840,1522800,834240,24120,174840,489600
2008,"Louisiana","LA","NA",477600,781574,1148015,29496,1959085,125381440,205102144,213905856,282290944,248377.6,66054.3999999999,162643.2,19680,42969.6,31308.8,787.199999999999,1811.2,9056,10955456,2913536,7173824,868096,1895232,1380992,34816,80000,399424
2008,"Maine","ME","NA",127551,421923,295273,13967,731163,12429771,17614856,17846872,22379752,41882.9,8469.4,31890.3,1523.2,2029.8,1071,40.8,489.6,430.1,551361,111503,419815,20043,26724,14093,527,6443,5661
2008,"Maryland","MD","NA",180564,1629467,959862,42267,2631596,63158304,94223856,104228400,135206328,84422.4,16550.4,57079.2,10792.8,15076.8,8762.4,211.2,480,5625.6,4755960,932376,3215592,607992,849432,493680,11832,27048,316872
2008,"Massachusetts","MA","NA",105595,1904103,1108885,68348,3081336,43138704,64562904,70812490,90971538,33593,7810.6,23034.2,2748.2,6493.2,4555.6,36.4,376.6,1524.6,2182866,507514,1496782,178570,421918,296002,2324,24514,99078
2008,"Michigan","MI","NA",630053,2872579,2048639,80548,5001766,415146578,600196489,624862180,830284026,244850,62050.7999999999,153126.7,29664.2,42736.7000000001,27547.7,456.5,3743.3,10989.2,24493300,6207321,15318314,2967665,4275496,2756015,45982,374081,1099418
2008,"Minnesota","MN","NA",667812,1573354,1275409,61606,2910369,253202103,325438377,345909738,454174191,249176.7,44256.9,187928.7,16991.1,23089.8,12928.2,182.7,3010.2,6968.70000000001,13007979,2310546,9810468,886965,1205211,675033,9570,157035,363573
2008,"Mississippi","MS","NA",636361,554662,724497,6100,1285259,105391238,173301670,179612964,240966676,238546.2,71176,149928.8,17449.6,24952.6,13029.8,656,2673.2,8593.60000000001,7010016,2091492,4405860,512664,733244,382858,19352,78556,252478
2008,"Missouri","MO","NA",911702,1441911,1445814,37480,2925205,339323780,501791408,522891808,685746180,424873.200000001,89795.6000000001,294338.4,40727.5999999999,58278.4000000001,39706.8,893.200000000002,3166.8,14511.6,25116552,5308508,17400232,2407812,3445316,2347608,52896,186992,857820
2008,"Montana","MT","NA",444948,232156,243860,20056,496072,27780032,41553064,42301504,54176640,152236,21352.8,120596,10287.2,17438.4,13955.2,229.6,2072,1181.6,1472800,206584,1166704,99512,168728,135016,2240,20048,11424
2008,"Nebraska","NE","NA",745860,333319,452979,14983,801281,74519133,118606248,125368464,165859176,267774.9,45532.7999999999,200210.4,22031.7,29043.9,18786,362.7,3134.1,6761.09999999999,4775550,811983,3570642,392925,518010,335079,6417,55893,120621
2008,"Nevada","NV","NA",137275,533736,412827,21285,967848,16453416,28846824,34004709,44202839,58845.5,15857.6,32568.6,10421,12404.9,7333.8,107.1,722.5,4239.8,1530102,412318,846838,270946,322541,190672,2805,18802,110262
2008,"New hampshire","NH","NA",80885,384826,316534,9610,710970,7109700,9925190,10217870,13158090,21574,3242,17262,1069,1561,938,11,293,320,283870,42660,227140,14070,20540,12340,140,3850,4210
2008,"New jersey","NJ","NA",170184,2215422,1613207,9869,3838498,80608458,121271598,139676964,182335881,48161.4,9771.3,33509.7,4880.4,6856.5,3423,90.3,270.9,3072.3,4181667,848442,2909445,423780,595371,297192,7896,23562,266721
2008,"New mexico","NM","NA",268323,472422,346832,10904,830158,27395214,44950620,49692390,65483748,125918.1,34435.5,78153.9,13332,21565.5,15859.8,267.3,1857.9,3577.2,2498694,683298,1550835,264561,427911,314721,5313,36894,70983
2008,"New york","NY","NA",507067,4769700,2742298,79235,7591233,470656446,802637554,922372202,1208398414,123615.6,20850.6,94785.6000000001,7979.39999999999,24669.8,13398.2,266.6,892.799999999999,10112.2,24093138,4063728,18473644,1555766,4807852,2611750,51832,173476,1970794
2008,"North carolina","NC","NA",825950,2142651,2128474,39664,4310789,431078900,658178300,709650300,922241400,404190.000000001,120960,254250,28980,46759.9999999999,28090,650,2490,15530,37276300,11155600,23448000,2672700,4312500,2590700,59900,229600,1432300
2008,"North dakota","ND","NA",441808,141278,168601,6742,316621,16780913,26746450,27176704,33998493,107648.3,19302.6,80819.7,7526,11903.8,8474.69999999999,90.1000000000001,2734.8,604.2,690537,123808,518446,48283,76373,54378,583,17543,3869
2008,"Ohio","OH","NA",739772,2933388,2674491,90169,5698048,501428224,749153064,770655864,1010760080,300080,78478.4000000001,199804,21797.6,30976,12760,422.400000000001,3467.2,14335.2,34466696,9013664,22949344,2503688,3558368,1465376,48136,398728,1646128
2008,"Oklahoma","OK","NA",653653,502496,960165,0,1462661,112624897,201589003,213306863,280461797,267498,74512.8999999999,169684.9,23300.2,40925.5,29544.9,454.299999999999,3110.8,7815.5,9743195,2714019,6180405,848771,1490643,1076075,16555,113267,284746
2008,"Oregon","OR","NA",307638,1037291,738475,52098,1827864,65803104,97230888,104984856,136442160,118893.6,20055.6,88030.8000000001,10807.2,9410.39999999999,5684.4,82.7999999999999,1123.2,2523.6,4506084,760140,3336372,409572,356724,215388,3132,42588,95616
2008,"Pennsylvania","PA","NA",575999,3266523,2649934,61524,5977981,400524727,633835075,657515488,834034693,161624.1,31583.8,117933.4,12106.9,27470,15061.6,381.9,1876,10157.2,20119698,3932029,14680705,1506964,3419948,1874727,47235,233495,1264491
2008,"Rhode island","RI","NA",51801,296571,165391,9804,471766,2830596,4583616,4954716,6304728,17070,3292.2,11949,1828.8,1516.8,835.2,18,160.8,502.2,179370,34596,125556,19218,15936,8778,186,1692,5280
2008,"South carolina","SC","NA",398337,862449,1034896,23624,1920969,88364574,152235252,159780448,206070800,195044.6,47196,129706.2,18142.4,33626,24807.8,317.4,1729.6,6771.19999999999,8737700,2114344,5810536,812820,1506316,1111268,14122,77556,303370
2008,"South dakota","SD","NA",575223,170924,203054,3730,377708,24928728,38980062,39767574,53076804,113803.8,22017.6,84255.6,7537.19999999999,18275.4,12262.8,303.6,4613.4,1102.2,915222,177078,677556,60588,146982,98604,2442,37092,8844
2008,"Tennessee","TN","NA",835620,1087437,1479178,33509,2600124,247011780,433430280,453332970,590414360,383809.5,99502.9999999999,254961,29355,68656.4999999999,48336.0000000001,627.000000000001,3173.00000000001,16511,23853455,6183835,15845335,1824285,4266735,3003805,39140,197410,1026380
2008,"Texas","TX","Republican",2278507,3528633,4479328,69834,8077795,2051759930,3790068620,4510052448,6179051396,1012647.2,240182.400000001,683310.799999999,89154,129032,79781.4,1422.4,8407.40000000004,39395.3999999998,246345710,58431684,166226490,21687536,31390590,19410934,347980,2045970,9585706
2008,"Utah","UT","NA",264248,327670,596030,28670,952370,27618730,49330421,53362523,79356296,97895.3,15648.4,74501,7745.9,6533.7,4013.6,43.5,968.6,1505.1,2678817,428214,2038671,211932,178785,109852,1189,26535,41209
2008,"Vermont","VT","NA",127869,219262,98974,6810,325046,4550644,6758612,6896540,8697780,35837.2,7921.2,26595.8,1320.2,1925,1376.2,37.8,299.6,210,222642,49210,165228,8204,11956,8554,238,1862,1302
2008,"Virginia","VA","NA",1187445,1959532,1725005,38723,3723260,480300540,716897376,776853867,1002212481,326653.800000001,53444.7000000001,251046.900000001,22162.1999999999,33256.1999999999,17260.2,619.2,2979.89999999999,12409.8,25377654,4152252,19503639,1721763,2583999,1341213,47730,231426,963630
2008,"Washington","WA","NA",362271,1750848,1229216,56814,3036878,118438242,177840468,196285440,255419736,148445.7,31640.7,99453.9,17347.2,13033.8,7515.3,113.1,1579.5,3822,9722037,2072304,6513507,1136226,853632,492297,7527,103467,250341
2008,"West virginia","WV","NA",513480,303857,397466,12128,713451,39239805,78661990,79917475,99795740,139348,32857,96899.0000000001,9591.99999999999,15174.5,11077,203.5,1177,2717,2528405,596200,1758185,174020,275330,200970,3685,21395,49280
2008,"Wisconsin","WI","NA",676764,1677211,1262393,43813,2983417,214806024,296642088,310095072,405213624,198878.4,35128.8,148982.4,14767.2,19836,11606.4,187.2,1440,6602.39999999999,11192832,1977048,8384832,830952,1116504,653040,10512,81216,371736
2008,"Wyoming","WY","NA",217281,82868,164958,8209,256035,5888805,9332618,9614920,12251364,62675,9489.8,50018.1,3164.8,5743.1,4517.2,52.9,798.1,374.9,333845,50554,266432,16859,30590,24058,276,4255,2001
2012,"Alabama","AL","Republican",635964,795696,1255925,18732,2070353,138713651,237048814,248300794,323075541,234647.4,65974.8999999999,154957.6,13721.6,30143.3,20890.6,475.700000000001,1802.3,6974.70000000001,11314826,3181227,7472041,661558,1453431,1007345,22914,86832,336340
2012,"Alaska","AK","NA",391386,122640,164676,13179,300495,12320295,21003070,22315029,29989409,112315.4,16535.3,87248,8532.10000000001,24731.2,17761.2,168.1,3267.7,3530.1,821517,120950,638165,62402,180892,129929,1230,23903,25830
2012,"Arizona","AZ","Split",143610,1025232,1233654,40368,2299254,34488810,65869230,74456115,98298825,53088,12117,36586.5,4384.5,6433.5,4140,82.5,520.5,1690.5,3478950,794010,2397570,287370,421620,271305,5370,34155,110790
2012,"Arkansas","AR","Democratic",721425,394409,647744,27315,1069468,80210100,158385750,168312225,221184825,274507.5,81097.5000000001,178852.5,14557.5,35182.5,25672.5,442.499999999999,3172.5,5902.49999999999,8095575,2391750,5274525,429300,1037625,757125,12975,93525,174000
2012,"California","CA","Split",561759,7854285,4839958,344304,13038547,756235726,1371059042,1674535168,2206402940,160004.6,37473.8,96831,25705.6,24539.8,14436.2,290,1194.8,8618.80000000001,60868970,14254486,36835220,9779264,9334752,5492716,109272,454546,3278218
2012,"Colorado","CO","Split",623776,1322998,1185050,61169,2569217,164429888,235244480,254759872,332005248,171820.8,32268.8,124633.6,14918.4,19769.6,12774.4,198.4,2604.8,4185.6,8913280,1674048,6465344,773888,1025472,662592,10368,135232,217280
2012,"Connecticut","CT","Split",88047,905083,634892,18828,1558803,14029227,22914675,25237404,32313123,19260,3687.3,13956.3,1616.4,2547,1355.4,36.9,230.4,924.3,691506,132399,501066,58041,91440,48672,1314,8271,33183
2012,"Delaware","DE","NA",29367,242584,165484,5869,413937,1241811,1986486,2142243,2751276,10022.7,2411.1,7141.8,469.8,1642.2,1056,18.6,79.5,488.1,91917,22113,65496,4308,15060,9684,171,729,4476
2012,"District of columbia","DC","NA",9791,267070,21381,5313,293764,293764,479566,531080,632323,4860.8,556.5,3725.3,579,1243.7,554.1,13.9,37.3,638.3,30736,3519,23556,3661,7864,3504,88,236,4036
2012,"Florida","FL","Republican",658275,4237756,4163447,72976,8474179,567769993,903431082,1029651712,1294277056,219538.9,53258.3000000001,153336.2,12944.4,32635.7,22170.3,348.4,1822.4,8287.89999999999,42410196,10288721,29620365,2501110,6303829,4283243,67603,352420,1600563
2012,"Georgia","GA","Republican",1580142,1773827,2078688,47535,3900050,620107950,1048416903,1183180533,1577271255,542285.399999998,139109.1,357432,45744.2999999999,60245.1000000002,35934,938.099999999998,3402.60000000001,19970.4,53794311,13799451,35457636,4537224,5976969,3565257,92379,337716,1981617
2012,"Hawaii","HI","Split",40078,306266,120937,7018,434221,1736884,3941976,4365804,5569252,12300.8,2292.4,8972.8,1035.6,956.8,567.6,8.4,82,298.8,171268,31916,124932,14420,13320,7904,116,1140,4160
2012,"Idaho","ID","Split",441914,212787,420911,18576,652274,28700056,47958372,51589164,70212032,87274,19813.2,63698.8,3762,9147.59999999999,7079.6,79.1999999999999,1320,668.8,1392644,316184,1016444,60016,145992,112948,1276,21076,10692
2012,"Illinois","IL","Democratic",1031883,3019512,2135102,87277,5241891,534672882,909215148,1003566066,1313276010,263027.4,56324.3999999999,186343.8,20349,42309.6,23460,591.6,2825.4,15422.4,33865326,7252302,23992644,2620380,5447106,3021036,75888,364140,1986042
2012,"Indiana","IN","Republican",939642,1152887,1420543,51104,2624534,241457128,437249504,456275932,601434728,278686.4,67003.6000000001,192464,19228,31804.4,19743.2,432.399999999999,2346,9282.79999999998,18218944,4380304,12581828,1256812,2079384,1290484,28520,153364,607016
2012,"Iowa","IA","Split",1020591,822544,730617,29019,1582180,156635820,222940278,233293203,304344414,224908.2,55053.8999999999,156895.2,12959.1,26126.1,20077.2,148.5,2801.7,3098.7,6914061,1692504,4823280,398277,803088,617166,4455,86229,95238
2012,"Kansas","KS","Republican",1093155,439908,689809,26537,1156254,121406670,213217200,227035725,303020025,330036.000000001,68281.5000000001,237090,24664.5,37232.9999999999,27636,304.5,3832.5,5460,9524550,1970535,6842325,711690,1074360,797475,8820,110565,157500
2012,"Kentucky","KY","Split",1262820,679370,1087190,30652,1797212,215665440,388204080,404933280,525649800,306348,81048,207024,18264,26712,13008,540,3480,9684,13419120,3550440,9068520,800160,1170240,570000,23400,152640,424200
2012,"Louisiana","LA","Republican",679392,809141,1152262,32662,1994065,127620160,211850688,223707136,294521152,226598.4,58604.7999999999,157036.8,10963.2,31801.6,21888,691.2,1612.8,7616,10427904,2696960,7226560,504384,1463552,1007360,31680,74112,350400
2012,"Maine","ME","Split",181152,401306,292276,19598,713180,12124060,17758302,18083818,22596264,42668.3,9542.1,31852.9,1273.3,2085.9,1037,32.3,476,540.6,567137,126837,423385,16915,27727,13787,425,6324,7191
2012,"Maryland","MD","Democratic",256236,1677844,971869,57614,2707327,64975848,97497624,109269456,141229512,66084,13756.8,46197.6,6127.2,11443.2,6652.8,151.2,504,4135.2,3888744,809568,2718576,360600,673320,391440,8856,29640,243384
2012,"Massachusetts","MA","Democratic",149737,1921290,1188314,58163,3167767,44348738,67542790,73893834,93046016,30142,7275.8,20921.6,1944.6,5677,3925.6,25.2,345.8,1380.4,2003246,483560,1390438,129248,377342,260932,1694,22988,91728
2012,"Michigan","MI","Republican",891752,2564569,2115256,51136,4730961,392669763,608153284,633910674,820318880,210031.5,55145.2000000001,133796,21090.3,37723.5,24526.5,581,3851.2,8764.80000000001,20758383,5450195,13223643,2084545,3728526,2424430,57187,380887,866022
2012,"Minnesota","MN","Split",942123,1546167,1320225,70169,2936561,255480807,335595888,357658827,467985093,223442.1,41046.6,168719.1,13676.4,20088.3,11658,156.6,2653.5,5620.2,12019224,2207886,9075492,735846,1080453,627009,8613,142506,302325
2012,"Mississippi","MS","Split",894907,562949,710746,11889,1285584,105417888,177664152,184150516,244763932,230502,77129.2,141499.2,11873.6,21385.6,12250.8,606.799999999999,2255,6273,6880292,2302232,4223656,354404,638452,365720,18040,67404,187288
2012,"Missouri","MO","Split",1277450,1223796,1482440,51076,2757312,319848192,513984516,536775036,698550608,384470.400000001,81803.1999999998,271254.4,31412.7999999999,52304.4000000001,37514.4000000001,754,2911.59999999999,11136,23152440,4926056,16334656,1891728,3149980,2258868,45124,175276,670712
2012,"Montana","MT","NA",621516,201839,267928,14165,483932,27100192,43289736,43885856,56287896,144687.2,21694.4,113584.8,9408,15243.2,11916.8,151.2,2111.2,1064,1454320,218064,1141672,94584,153216,119784,1512,21224,10696
2012,"Nebraska","NE","Uncertain",1039089,302081,475064,17234,794379,73877247,122312949,129653532,172563825,256205.7,43784.4,191645.1,20785.5,24124.2,14638.2,269.7,3561.90000000001,5663.7,4753974,812355,3555948,385671,447702,271560,4929,66123,105090
2012,"Nevada","NV","Split",190876,531373,463567,19978,1014918,17253606,30524877,35683187,46901827,47759.8,13630.6,27958.2,6172.7,10329.2,6648.7,76.5,572.9,3031.1,1317670,376040,771324,170306,284971,183430,2108,15827,83606
2012,"New hampshire","NH","Republican",112415,369561,329918,11452,710931,7109310,10160410,10502200,13207180,23240,4122,18343,775,1879,1170,11,340,357,306930,54440,242260,10230,24810,15450,150,4490,4720
2012,"New jersey","NJ","Split",236397,2125101,1477568,37623,3640292,76446132,123953445,143349024,186156390,42993.3,10029.6,29057.7,3903.9,6094.2,3059.7,92.4,245.7,2696.4,3811101,889098,2575902,346101,540267,271299,8148,21735,239085
2012,"New mexico","NM","Split",372372,415335,335788,32635,783758,25864014,47482974,52039647,68822754,118823.1,33834.9,76342.2,8642.7,18450.3,13830.3,184.8,1514.7,2923.8,2478102,705672,1592151,180279,384780,288420,3828,31581,60951
2012,"New york","NY","Split",702553,4324228,2223397,514300,7061925,437839350,825930334,950730506,1213356182,119164,20453.8,93217,5493.2,25221.6,15022.6,217,905.200000000001,9076.79999999999,23320680,4002286,18242818,1075576,4935820,2940226,42408,176576,1776610
2012,"North carolina","NC","Republican",1141250,2178391,2270395,56586,4505372,450537200,695207800,750044800,975207300,336950,101850,218570,16530,35340.0000000001,23180,489.999999999999,2030,9630,32859400,9932300,21315100,1612000,3446400,2260900,47900,198400,939200
2012,"North dakota","ND","NA",608917,124966,188320,9646,322932,17115396,28510873,29084810,37080284,106535.3,18009.4,79807.4000000001,8718.5,12969.1,9704.30000000001,212,2061.7,991.100000000001,745339,125981,558355,61003,90736,67893,1484,14416,6943
2012,"Ohio","OH","Republican",1017236,2827621,2661407,91794,5580822,491112336,761067384,782714592,1015891800,274331.2,78839.2,180620,14872,26373.6,11589.6,378.400000000001,2789.6,11616,31669704,9101048,20851600,1717056,3044360,1338216,43560,321904,1340680
2012,"Oklahoma","OK","Republican",896434,443547,891325,0,1334872,102785144,209111364,222274822,293741140,261877,72118.2,166420.1,23338.7,36136.1,25972.1,438.899999999999,3203.2,6521.89999999999,9990211,2751287,6348496,890428,1378454,990759,16632,122276,248787
2012,"Oregon","OR","Split",421146,970488,754175,64607,1789270,64413720,101957904,109687104,140376708,116071.2,20221.2,86432.4,9421.2,8913.60000000001,5547.6,86.4,1051.2,2228.4,4526028,788436,3370284,367308,347508,216288,3312,41040,86868
2012,"Pennsylvania","PA","Republican",787250,2990274,2680434,71332,5742040,384716680,646961782,672508212,855156912,145142.1,29848.5,107407.7,7885.89999999999,23362.9,13024.8,361.8,1748.7,8227.60000000001,18525232,3809553,13708803,1006876,2981701,1662806,45895,222909,1050091
2012,"Rhode island","RI","Democratic",70719,279677,157204,9171,446052,2676312,4632342,5029014,6301752,15433.8,3398.4,10534.2,1501.2,1514.4,923.4,19.2,164.4,407.4,162102,35694,110640,15768,15906,9696,204,1728,4278
2012,"South carolina","SC","Republican",543375,865941,1071645,26532,1964118,90349428,160160960,168188006,217291258,175821.2,43907,119061.8,12857,25704.8,19384.4,317.4,1633,4370,8305300,2073956,5624098,607246,1214262,915630,14904,77234,206494
2012,"South dakota","SD","NA",783321,145039,210610,8166,363815,24011790,40383552,41591880,55001364,135966.6,25806,101732.4,8434.80000000001,21238.8,15160.2,198,4633.19999999999,1254,1133088,215028,847770,70290,177012,126324,1650,38610,10428
2012,"Tennessee","TN","Republican",1135155,960709,1462330,35538,2458577,233564815,449909360,472672595,613343085,320283,82668.9999999999,218509.5,19095,61141.9999999999,45561.9999999999,570,2992.5,12017.5,20678080,5337195,14107785,1233100,3947250,2941295,36860,193040,776055
2012,"Texas","TX","Republican",3079369,3308124,4569843,115884,7993851,2030438154,4096355282,4878014628,6619037562,853897.200000003,199618.599999999,590905.600000003,63347.6000000003,103784.4,65532,1117.6,7518.40000000003,29616.3999999999,222518986,52021740,153988262,16508984,27044904,17078706,290576,1958594,7717028
2012,"Utah","UT","Republican",355685,251813,740600,25027,1017440,29505760,53116458,57320617,82803323,86762.2,13145.7,67523.6,6092.9,5968.2,3842.5,52.2,957,1116.5,2477296,375347,1927978,173971,170404,109707,1450,27347,31900
2012,"Vermont","VT","NA",172011,199239,92698,7353,299290,4190060,6899480,7025942,8764154,33581.8,8867.6,23741.2,973,1996.4,1458.8,18.2,270.2,250.6,210224,55510,148624,6090,12502,9128,112,1694,1568
2012,"Virginia","VA","Republican",1594182,1971820,1822522,60147,3854489,497229081,751816128,818505258,1055976843,278910.9,46504.5,218100.3,14306.1,24522.9,14331.9,490.200000000001,2283.3,7417.5,22831065,3806919,17853342,1170804,2007756,1172868,40506,187308,607074
2012,"Washington","WA","Split",485238,1755396,1290670,79450,3125516,121895124,187987527,207841218,268983468,142685.4,34339.5,93416.7000000001,14929.2,11528.4,6922.5,117,1240.2,3248.7,9840987,2368275,6443034,1029678,795054,477438,8034,85527,224055
2012,"West virginia","WV","Democratic",686895,238269,417655,14516,670440,36874200,79571580,80970010,102047715,130069.5,33467.5,90051.5000000001,6550.5,17396.5,13453,214.5,1248.5,2486,2413290,621005,1670790,121495,322795,249590,3960,23155,46090
2012,"Wisconsin","WI","Republican",903780,1620985,1410966,39483,3071434,221143248,302668632,317625264,412300656,176673.6,35136,131205.6,10332,20196,12636,216,1533.6,5810.39999999999,10116936,2012040,7513344,591552,1156608,723600,12456,87768,332784
2012,"Wyoming","WY","NA",289800,69286,170962,8813,249061,5728403,9768859,10152867,13257476,52757.4,8480.1,41949.7,2329.9,4632.2,3719.1,55.2,614.1,243.8,304106,48875,241799,13432,26703,21436,322,3542,1403
2016,"Alabama","AL","NA",847215,729547,1318250,75570,2123367,142265589,241849632,252653784,325841100,197502.6,46933.5,134422.1,16153.7,35664.1,26009.4,562.799999999999,2639.8,6458.79999999999,9605254,2282355,6537458,785441,1734362,1264759,27269,128372,313962
2016,"Alaska","AK","NA",520659,116454,163387,38557,318398,13054318,21397408,22735566,30417654,137473,22398.3,98182.6999999999,16896.1,32972.2,22164.6,287,5817.9,4698.6,1019916,166173,728406,125337,244606,164451,2132,43173,34850
2016,"Arizona","AZ","NA",190905,1161167,1252401,190709,2604277,39064155,71333760,80211405,103966065,44676,8166,32521.5,3987,7051.5,4731,82.5,712.5,1527,3096480,566040,2254125,276315,488745,327870,5700,49350,105825
2016,"Arkansas","AR","NA",957900,380494,684872,64530,1129896,84742200,160675800,171594075,224118600,245145,59662.5,167520,17955,41317.5000000001,30075,540,5377.49999999999,5317.5,7325475,1782825,5006025,536625,1234575,898650,16200,160725,159000
2016,"California","CA","NA",744633,8753788,4483810,943997,14181595,822532510,1453388360,1747548990,2276500986,148074,27828.4,94134,26117.4,25827.4,15422.2,284.2,2024.2,8096.80000000001,58120060,10921632,36946580,10251848,10138168,6053750,111940,794716,3177762
2016,"Colorado","CO","NA",825568,1338870,1202484,238866,2780220,177934080,254195520,275307840,354594880,175404.8,27609.6,125139.2,22656,21926.4,13510.4,236.8,4108.8,4076.8,9718400,1529792,6933504,1255104,1214912,748544,13056,227520,225792
2016,"Connecticut","CT","NA",116424,897572,673215,76749,1647536,14827824,23301810,25447392,32188068,16272,2528.1,11956.5,1788.3,2043.9,1152,19.8,191.7,680.4,581976,90405,427608,63963,73107,41211,702,6867,24327
2016,"Delaware","DE","NA",38826,235603,185127,22267,442997,1328991,2070459,2244651,2856195,8298,1582.8,6236.1,479.1,1526.4,983.4,17.7,97.2,428.1,79002,15069,59373,4560,14532,9363,168,924,4077
2016,"District of columbia","DC","NA",12944,282830,12723,15715,311268,311268,517863,565352,681170,4802.9,346.6,4019.8,436.5,1205.9,596.5,20.4,78.1,510.9,32716,2361,27382,2973,8214,4063,139,532,3480
2016,"Florida","FL","Republican",869526,4504975,4617886,297178,9420039,631142613,976712466,1107725472,1381033413,180015.6,32608.9,133383.6,14023.1,28830.1,19443.4,361.8,2472.3,6559.29999999999,37105404,6721775,27493584,2890045,5942900,4007672,74437,509066,1351725
2016,"Georgia","GA","NA",2081469,1877963,2089104,147644,4114711,654239049,1106660511,1245246819,1639348989,477715.5,97689.5999999998,338685.9,41324.1000000001,63218.3999999998,37921.5,1049.4,5406,18825.6,49253430,10071696,34920375,4261359,6517410,3910605,108279,557931,1940595
2016,"Hawaii","HI","NA",52690,266891,128847,33199,428937,1715748,4053196,4483048,5714228,11970.8,1684.8,8703.2,1583.2,1236.8,775.2,10,173.2,278.4,171012,24068,124328,22616,17668,11076,140,2476,3976
2016,"Idaho","ID","NA",580646,189765,409055,91613,690433,30379052,51453424,55270292,74058160,76744.8,16517.6,54797.6,5429.6,10133.2,7568,127.6,1878.8,558.8,1291708,277992,922328,91388,170544,127380,2156,31636,9372
2016,"Illinois","IL","NA",1353489,3090729,2146015,321963,5558707,566988114,918521628,1008532548,1305756978,208998,38239.8000000001,154897.2,15861,44502.6,25551,836.400000000001,3906.60000000001,14208.6,26755212,4894878,19829514,2030820,5697108,3270630,107508,500616,1818354
2016,"Indiana","IN","NA",1229718,1033126,1557286,144546,2734958,251616136,447125704,466688400,610240876,238224.8,47288,170503.6,20433.2,37232.4,22990.8,607.200000000001,3468.4,10166,15801828,3136924,11309652,1355252,2469740,1524900,40388,230092,674360
2016,"Iowa","IA","NA",1332738,653669,800983,111379,1566031,155037069,226300140,237997881,310334607,206514,47470.5,143312.4,15741,28769.4,20988,227.7,3940.20000000001,3623.39999999999,6473709,1487970,4492422,493317,901890,657756,7029,123453,113652
2016,"Kansas","KS","NA",1424220,427005,671018,86380,1184403,124362315,216166545,230674920,305265345,283027.5,51880.4999999999,206104.5,25053,39942.0000000001,28770,399.000000000001,4735.5,6037.5,8228535,1508220,5991930,728385,1161300,836430,11655,137760,175455
2016,"Kentucky","KY","NA",1641180,628854,1202971,92324,1924149,230897880,393905160,411690240,532436880,262764.000000001,56351.9999999999,179688,26735.9999999999,27875.9999999999,13620,707.999999999998,4440,9107.99999999998,11658960,2500080,7972560,1186320,1236960,604560,31200,196920,404280
2016,"Louisiana","LA","NA",881184,780154,1178638,70240,2029032,129858048,216206656,228083264,299626624,211052.8,47392,149523.2,14131.2,36230.4,25369.6,755.199999999999,2483.2,7622.40000000001,9880704,2218688,7000320,661696,1696128,1187584,35456,116224,356864
2016,"Maine","ME","NA",234753,357735,335593,54599,747927,12714759,18016124,18346349,22635143,27976.9,5110.2,21875.6,989.4,2104.6,1212.1,25.5,525.3,340,372504,68051,291278,13175,28016,16150,340,7004,4522
2016,"Maryland","MD","NA",331908,1677928,943169,160349,2781446,66754704,100375200,111929712,144394728,54828,9849.6,40257.6,4720.8,11328,6331.2,192,700.8,4104,3298680,592608,2422056,284016,681600,380976,11544,42144,246936
2016,"Massachusetts","MA","NA",193879,1995196,1090893,188466,3274555,45843770,69436388,76354894,95364906,21855.4,3945.2,16254,1656.2,5276.6,3710,28,436.8,1103.2,1488746,268702,1107232,112812,359478,252700,1876,29792,75110
2016,"Michigan","MI","NA",1153451,2268839,2279543,250902,4799284,398340572,617318061,644527287,824048900,158521.7,33075.5,108572.3,16865.6,38097,25688.5,498,5959.40000000001,5951.09999999999,15738460,3284144,10779708,1674608,3782476,2550507,49634,591375,590960
2016,"Minnesota","MN","NA",1216434,1367716,1322951,254146,2944813,256198731,345830742,369112116,480235824,185597.1,29327.7,142514.7,13754.7,21106.2,11370.9,156.6,3697.5,5872.5,10244772,1618722,7866714,759336,1165278,627879,8787,204276,324336
2016,"Mississippi","MS","NA",1153453,485131,700714,23512,1209357,99167274,179763106,186004946,245075532,226984.2,64074.8000000001,151052.2,11865.4,23001,12267.2,656,3501.4,6576.39999999999,6784024,1915028,4514428,354568,687406,366622,19516,104714,196554
2016,"Missouri","MO","NA",1643198,1071068,1594511,141802,2807381,325656196,523941028,546264416,706788000,324695.6,60366.4000000001,229494.4,34834.8,60250.4000000001,41852.8,1020.8,4860.4,12504.8,19783684,3678360,13983104,2122220,3670704,2550028,62292,296264,762120
2016,"Montana","MT","NA",798084,177709,279240,40198,497147,27840232,44936416,45697288,58381120,150276,21134.4,114408,14733.6,20624.8,15898.4,196,3102.4,1428,1566656,220304,1192744,153608,215040,165760,2016,32368,14896
2016,"Nebraska","NE","NA",1332318,284494,495961,63772,844227,78513111,124837248,133466439,177361788,210486.9,31424.7,156016.8,23045.4,27063,17363.1,241.8,4845.3,4612.8,4014159,599292,2975442,439425,516150,331173,4557,92442,87978
2016,"Nevada","NV","NA",244477,539260,512058,74067,1125385,19131545,33128104,38425797,49980986,43972.2,10898.7,25450.7,7621.1,11527.7,6730.3,129.2,1001.3,3665.2,1292799,320450,748289,224060,338912,197863,3808,29461,107780
2016,"New hampshire","NH","NA",143945,348526,345790,49980,744296,7442960,10487570,10829810,13347950,15129,2220,12257,653,1976,1207,13,436,320,201940,29630,163600,8710,26370,16110,170,5820,4270
2016,"New jersey","NJ","NA",302610,2148278,1601933,123835,3874046,81354966,125186040,144971778,187833849,32436.6,5936.7,23839.2,2658.6,5145,2608.2,88.2,340.2,2108.4,2901192,530964,2132340,237888,460194,233205,7812,30513,188664
2016,"New mexico","NM","NA",476421,385234,319667,93418,798319,26344527,48617019,52820691,68673495,129924.3,27403.2,83899.2,18621.9,23182.5,16203,221.1,2418.9,4339.5,2703723,570273,1745931,387519,482427,337161,4587,50358,90321
2016,"New york","NY","NA",898039,4547562,2814589,345212,7707363,477856506,838608900,959364936,1224207918,95827.2000000001,12505.4,78802,4519.8,23324.4,14154.6,198.4,1965.4,7006,18921222,2468902,15560016,892304,4605670,2794898,39060,388120,1383592
2016,"North carolina","NC","Republican",1456550,2189316,2362631,189617,4741564,474156400,737021300,789873300,1014678800,273750,71040,187620,15080,37220,24550,670,2810,9200,27776500,7208200,19037700,1530600,3776900,2490600,67800,284900,933600
2016,"North dakota","ND","NA",776026,93758,216794,33808,344360,18251080,29960635,30731626,40171456,121682.7,22678.7,85271.7,13732.3,13308.3,9545.30000000001,106,2390.3,1266.7,922306,171879,646335,104092,100859,72345,795,18126,9593
2016,"Ohio","OH","NA",1294700,2394164,2841005,261318,5496487,483690856,770858704,794472624,1022064824,226820,50679.2000000001,161242.4,14898.4,26426.4,12205.6,492.800000000001,4232.8,9486.4,26343416,5885704,18727016,1730696,3069176,1417768,57552,491832,1102024
2016,"Oklahoma","OK","NA",1139215,420375,949136,83481,1452992,111880384,214419821,228849929,302114197,229683.3,57110.8999999999,148717.8,23854.6,34634.6,23947,477.399999999999,4004,6206.20000000001,9011849,2240931,5834983,935935,1358896,939554,18865,157003,243474
2016,"Oregon","OR","NA",534654,1002106,782403,216827,2001336,72048096,108540252,116420724,147364740,106718.4,14832,80280,11602.8,9525.60000000001,5907.6,100.8,1512,2001.6,4368420,607176,3286296,474948,389880,241848,4068,61956,82008
2016,"Pennsylvania","PA","NA",998501,2926441,2970733,218228,6115402,409731934,649385574,677682354,856543209,116760.9,18612.6,91307.6000000001,6840.70000000001,21198.8,12066.7,348.4,2324.9,6458.79999999999,14927265,2379840,11673276,874149,2709949,1542809,44287,297011,825842
2016,"Rhode island","RI","NA",89637,252525,180543,31076,464144,2784864,4713264,5093100,6338556,11392.2,2151.6,8334,906.6,1433.4,859.2,16.2,250.8,306.6,120348,22728,88044,9576,15144,9078,174,2652,3240
2016,"South carolina","SC","NA",688413,855373,1155389,92265,2103027,96739242,170472642,178534510,228211474,149214.8,30576.2,105731,12907.6,23082.8,16790,340.4,2212.6,3739.8,7402688,1516896,5245472,640320,1145216,832968,16836,109802,185610
2016,"South dakota","SD","NA",991419,117458,227721,24914,370093,24426138,41478888,42977814,57119964,130719.6,22875.6,96386.3999999999,11457.6,27614.4,21450,204.6,3880.8,2072.4,1131306,198000,834174,99132,238986,185658,1782,33594,17952
2016,"Tennessee","TN","NA",1434690,870695,1522925,114407,2508027,238262565,466122250,490479015,631863430,271139.5,57579.4999999999,191966.5,21593.5,60125.5000000001,44393.5,693.499999999999,3876.00000000001,11162.5,18034325,3829640,12768380,1436305,3999215,2952980,46170,257830,742235
2016,"Texas","TX","NA",3880231,3877868,4685047,406311,8969226,2278183404,4440627390,5262440834,7077099384,700989.200000001,135585.2,502437.399999998,62941.2000000003,110337.6,66446.3999999998,1346.19999999999,12192,30378.3999999999,195312538,37779960,139992354,17540224,30744668,18511520,375412,3395218,8462518
2016,"Utah","UT","NA",447122,310676,515231,305523,1131430,32811470,57590201,62040512,88485293,85593.5,12200.3,64472.8,8923.3,7041.2,4062.9,69.6,1444.2,1464.5,2611682,372244,1967186,272252,214803,123946,2088,44080,44689
2016,"Vermont","VT","NA",216153,178573,95369,41135,315077,4411078,6926612,7082432,8744316,23763.6,4713.8,18418.4,631.4,2216.2,1548.4,30.8,399,238,148428,29442,115038,3948,13846,9674,196,2492,1484
2016,"Virginia","VA","Republican",2000919,1981473,1769443,233715,3984631,514017399,777945981,845755863,1085123232,239862.6,30702,194157.9,15015.6,28070.3999999999,15763.8,748.199999999999,4192.5,7365.90000000002,20177148,2582322,16332174,1262652,2360958,1325862,62436,353073,619587
2016,"Washington","WA","NA",608205,1742718,1221747,244749,3209214,125159346,199818723,222057849,284232000,136269.9,26317.2,92675.7000000001,17277,11785.8,7008.3,105.3,1645.8,3022.5,9931467,1918020,6754293,1259154,858897,510900,7605,120003,220389
2016,"West virginia","WV","NA",860310,188794,489371,34886,713051,39217805,78328525,80000800,100710610,112596,27934.5,77126.5000000001,7535,19695.5,15317.5,242,1974.5,2161.5,2061785,511555,1412235,137995,360635,280445,4455,36135,39600
2016,"Wisconsin","WI","NA",1130796,1381823,1404440,189490,2975753,214254216,308205216,323499888,416066976,139197.6,24199.2,102585.6,12405.6,22024.8,13413.6,288,2462.4,5860.8,8043840,1398600,5928264,716976,1272888,775080,16488,142488,338832
2016,"Wyoming","WY","NA",362319,55973,174419,25457,255849,5884527,9882962,10263244,13466523,45017.9,6957.5,34918.6,3141.8,5616.6,4501.1,78.2,805,232.3,263580,40733,204447,18400,32890,26358,460,4715,1357
2020,"Alabama","AL","NA",1058466,849624,1441170,32488,2323282,155659894,253451687,263963853,0,0,0,0,0,0,0,0,0,0,0,0,0,0,0,0,0,0,0
2020,"Alaska","AK","NA",649932,153778,189951,13840,357569,14660329,21715609,22814163,0,0,0,0,0,0,0,0,0,0,0,0,0,0,0,0,0,0,0
2020,"Arizona","AZ","NA",238200,1672143,1661686,51465,3385294,50779410,77007060,85086630,0,0,0,0,0,0,0,0,0,0,0,0,0,0,0,0,0,0,0
2020,"Arkansas","AR","NA",1194375,423932,760647,34490,1219069,91430175,163374600,174933150,0,0,0,0,0,0,0,0,0,0,0,0,0,0,0,0,0,0,0
2020,"California","CA","NA",927507,11110250,6006429,384202,17500881,1015051098,1498722030,1768427134,0,0,0,0,0,0,0,0,0,0,0,0,0,0,0,0,0,0,0
2020,"Colorado","CO","NA",1027360,1804352,1364607,88021,3256980,208446720,275022400,293067584,0,0,0,0,0,0,0,0,0,0,0,0,0,0,0,0,0,0,0
2020,"Connecticut","CT","NA",128708,1080831,714717,28309,1823857,14590856,21241712,23102184,0,0,0,0,0,0,0,0,0,0,0,0,0,0,0,0,0,0,0
2020,"Delaware","DE","NA",48282,296268,200603,7139,504010,1512030,2235393,2394312,0,0,0,0,0,0,0,0,0,0,0,0,0,0,0,0,0,0,0
2020,"District of columbia","DC","NA",16096,317323,18586,8447,344356,344356,503118,544795,0,0,0,0,0,0,0,0,0,0,0,0,0,0,0,0,0,0,0
2020,"Florida","FL","NA",1080710,5297045,5668731,101680,11067456,741519552,1054755808,1178768386,0,0,0,0,0,0,0,0,0,0,0,0,0,0,0,0,0,0,0
2020,"Georgia","GA","NA",2582637,2474507,2461837,62138,4998482,794758638,1191043242,1316942940,0,0,0,0,0,0,0,0,0,0,0,0,0,0,0,0,0,0,0
2020,"Hawaii","HI","NA",65298,366127,196855,11475,574457,2297828,4189864,4582472,0,0,0,0,0,0,0,0,0,0,0,0,0,0,0,0,0,0,0
2020,"Idaho","ID","NA",719334,287021,554119,26221,867361,38163884,59528216,63515584,0,0,0,0,0,0,0,0,0,0,0,0,0,0,0,0,0,0,0
2020,"Illinois","IL","NA",212901,99296,127035,5594,231925,78438672,118238094,128839516,0,0,0,0,0,0,0,0,0,0,0,0,0,0,0,0,0,0,0
